Workbook

Sheet Test file
A1: Client ID | B1: First Name | C1: MiddleName | D1: Last Name | E1: Company | F1: Address | G1: Home Fax | H1: Mobile Phone | I1: Contact Group | J1: E-mail Address | K1: Web Page | L1: Birthday | M1: Private Notes | N1: License Number | O1: Cases | P1: Case Link IDs | Q1: FullName | R1: Street1 | S1: Street2 | T1: City | U1: State | V1: Zip | W1: CleanCases | X1: BirthdayFmt
A2: 7398191 | B2: William | C2: Tim | D2: Barretta | I2: Client | O2: William Barretta | P2: 3783285 | Q2: =VLOOKUP($A2,Helper!$A:$I,2,FALSE) -> #N/A | R2: =VLOOKUP($A2,Helper!$A:$I,3,FALSE) -> #N/A | S2: =VLOOKUP($A2,Helper!$A:$I,4,FALSE) -> #N/A | T2: =VLOOKUP($A2,Helper!$A:$I,5,FALSE) -> #N/A | U2: =VLOOKUP($A2,Helper!$A:$I,6,FALSE) -> #N/A | V2: =VLOOKUP($A2,Helper!$A:$I,7,FALSE) -> #N/A | W2: =VLOOKUP($A2,Helper!$A:$I,8,FALSE) -> #N/A | X2: =VLOOKUP($A2,Helper!$A:$I,9,FALSE) -> #N/A
A3: 7439820 | B3: Khaled | C3: Kayne | D3: Kamel | F3: 2926 N Raine Blvd. 6, Tucson, State 1 11111 | H3: (555) 555-5555 | I3: Client | J3: user1@email.com | O3: Khaled Kamel | P3: 3810123 | Q3: =VLOOKUP($A3,Helper!$A:$I,2,FALSE) -> #N/A | R3: =VLOOKUP($A3,Helper!$A:$I,3,FALSE) -> #N/A | S3: =VLOOKUP($A3,Helper!$A:$I,4,FALSE) -> #N/A | T3: =VLOOKUP($A3,Helper!$A:$I,5,FALSE) -> #N/A | U3: =VLOOKUP($A3,Helper!$A:$I,6,FALSE) -> #N/A | V3: =VLOOKUP($A3,Helper!$A:$I,7,FALSE) -> #N/A | W3: =VLOOKUP($A3,Helper!$A:$I,8,FALSE) -> #N/A | X3: =VLOOKUP($A3,Helper!$A:$I,9,FALSE) -> #N/A
A4: 7451828 | B4: Dumisani | D4: Tembo | I4: Client | J4: email@domain.com | O4: People v. Tembo, Dumisani | P4: 3820215 | Q4: =VLOOKUP($A4,Helper!$A:$I,2,FALSE) -> #N/A | R4: =VLOOKUP($A4,Helper!$A:$I,3,FALSE) -> #N/A | S4: =VLOOKUP($A4,Helper!$A:$I,4,FALSE) -> #N/A | T4: =VLOOKUP($A4,Helper!$A:$I,5,FALSE) -> #N/A | U4: =VLOOKUP($A4,Helper!$A:$I,6,FALSE) -> #N/A | V4: =VLOOKUP($A4,Helper!$A:$I,7,FALSE) -> #N/A | W4: =VLOOKUP($A4,Helper!$A:$I,8,FALSE) -> #N/A | X4: =VLOOKUP($A4,Helper!$A:$I,9,FALSE) -> #N/A
A5: 7871642 | B5: Khanh | C5: Dee | D5: Dao | F5: 435 N. Congress Ave., #180, St Petersburg, State 2 11111 | H5: (111) 852-4480 | I5: Client | J5: Someone@box.com | O5: Khanh Dao | P5: 4066854 | Q5: =VLOOKUP($A5,Helper!$A:$I,2,FALSE) -> #N/A | R5: =VLOOKUP($A5,Helper!$A:$I,3,FALSE) -> #N/A | S5: =VLOOKUP($A5,Helper!$A:$I,4,FALSE) -> #N/A | T5: =VLOOKUP($A5,Helper!$A:$I,5,FALSE) -> #N/A | U5: =VLOOKUP($A5,Helper!$A:$I,6,FALSE) -> #N/A | V5: =VLOOKUP($A5,Helper!$A:$I,7,FALSE) -> #N/A | W5: =VLOOKUP($A5,Helper!$A:$I,8,FALSE) -> #N/A | X5: =VLOOKUP($A5,Helper!$A:$I,9,FALSE) -> #N/A
A6: 8004314 | B6: Anmar | D6: Saad | F6: 1234 Highland Square Lane, Denver, State 3 11111 | I6: Client | J6: mahmood@email.com | L6: 31648 | N6: F7390729 | O6: Anmar Saad | P6: 4134776 | Q6: =VLOOKUP($A6,Helper!$A:$I,2,FALSE) -> #N/A | R6: =VLOOKUP($A6,Helper!$A:$I,3,FALSE) -> #N/A | S6: =VLOOKUP($A6,Helper!$A:$I,4,FALSE) -> #N/A | T6: =VLOOKUP($A6,Helper!$A:$I,5,FALSE) -> #N/A | U6: =VLOOKUP($A6,Helper!$A:$I,6,FALSE) -> #N/A | V6: =VLOOKUP($A6,Helper!$A:$I,7,FALSE) -> #N/A | W6: =VLOOKUP($A6,Helper!$A:$I,8,FALSE) -> #N/A | X6: =VLOOKUP($A6,Helper!$A:$I,9,FALSE) -> #N/A
A7: 8393082 | B7: Victor | C7: Henry | D7: Colonnese | F7: PO Box 200059, Hollywood, State 4 11111 | H7: (222) 987-1653 | I7: Client | J7: barry@email.com | O7: Dorothy Fujii | P7: 4411263 | Q7: =VLOOKUP($A7,Helper!$A:$I,2,FALSE) -> #N/A | R7: =VLOOKUP($A7,Helper!$A:$I,3,FALSE) -> #N/A | S7: =VLOOKUP($A7,Helper!$A:$I,4,FALSE) -> #N/A | T7: =VLOOKUP($A7,Helper!$A:$I,5,FALSE) -> #N/A | U7: =VLOOKUP($A7,Helper!$A:$I,6,FALSE) -> #N/A | V7: =VLOOKUP($A7,Helper!$A:$I,7,FALSE) -> #N/A | W7: =VLOOKUP($A7,Helper!$A:$I,8,FALSE) -> #N/A | X7: =VLOOKUP($A7,Helper!$A:$I,9,FALSE) -> #N/A
A8: 8797264 | B8: Amol | D8: Hardikar | F8: 200 Perry Street, Apt. 1505, Dallas, State 5 11111 | H8: (543) 471-2543 | I8: Client | J8: Time01@email.com | O8: Amol Hardikar | P8: 4663111 | Q8: =VLOOKUP($A8,Helper!$A:$I,2,FALSE) -> #N/A | R8: =VLOOKUP($A8,Helper!$A:$I,3,FALSE) -> #N/A | S8: =VLOOKUP($A8,Helper!$A:$I,4,FALSE) -> #N/A | T8: =VLOOKUP($A8,Helper!$A:$I,5,FALSE) -> #N/A | U8: =VLOOKUP($A8,Helper!$A:$I,6,FALSE) -> #N/A | V8: =VLOOKUP($A8,Helper!$A:$I,7,FALSE) -> #N/A | W8: =VLOOKUP($A8,Helper!$A:$I,8,FALSE) -> #N/A | X8: =VLOOKUP($A8,Helper!$A:$I,9,FALSE) -> #N/A
A9: 8886849 | B9: Tacktook | D9: Tachtook | F9: 20 Barry Court Apt 203, Boston, State 6 11111 | H9: (634) 684-6543 | I9: Client | J9: dom@domain.com | O9: Tacktook Tachtook v. Alison Aylsworth | P9: 4723026 | Q9: =VLOOKUP($A9,Helper!$A:$I,2,FALSE) -> #N/A | R9: =VLOOKUP($A9,Helper!$A:$I,3,FALSE) -> #N/A | S9: =VLOOKUP($A9,Helper!$A:$I,4,FALSE) -> #N/A | T9: =VLOOKUP($A9,Helper!$A:$I,5,FALSE) -> #N/A | U9: =VLOOKUP($A9,Helper!$A:$I,6,FALSE) -> #N/A | V9: =VLOOKUP($A9,Helper!$A:$I,7,FALSE) -> #N/A | W9: =VLOOKUP($A9,Helper!$A:$I,8,FALSE) -> #N/A | X9: =VLOOKUP($A9,Helper!$A:$I,9,FALSE) -> #N/A
A10: 14280362 | B10: John | D10: Doe | F10: 123 Main St., Santa Ana, State 7 11111 | I10: Client | M10: This is a sample contact. | O10: [SAMPLE] John Doe Matter | P10: 8536109 | Q10: =VLOOKUP($A10,Helper!$A:$I,2,FALSE) -> #N/A | R10: =VLOOKUP($A10,Helper!$A:$I,3,FALSE) -> #N/A | S10: =VLOOKUP($A10,Helper!$A:$I,4,FALSE) -> #N/A | T10: =VLOOKUP($A10,Helper!$A:$I,5,FALSE) -> #N/A | U10: =VLOOKUP($A10,Helper!$A:$I,6,FALSE) -> #N/A | V10: =VLOOKUP($A10,Helper!$A:$I,7,FALSE) -> #N/A | W10: =VLOOKUP($A10,Helper!$A:$I,8,FALSE) -> #N/A | X10: =VLOOKUP($A10,Helper!$A:$I,9,FALSE) -> #N/A
A11: 14280377 | B11: Marjorie | D11: Nishimata | F11: 223 Greaterwealth Avenue Unit 70, Davie, State 8 11111 | H11: (654) 673-9965 | I11: Client | J11: email@klhj.com | L11: 27130 | O11: Marjorie Nishimata | P11: 8536123 | Q11: =VLOOKUP($A11,Helper!$A:$I,2,FALSE) -> #N/A | R11: =VLOOKUP($A11,Helper!$A:$I,3,FALSE) -> #N/A | S11: =VLOOKUP($A11,Helper!$A:$I,4,FALSE) -> #N/A | T11: =VLOOKUP($A11,Helper!$A:$I,5,FALSE) -> #N/A | U11: =VLOOKUP($A11,Helper!$A:$I,6,FALSE) -> #N/A | V11: =VLOOKUP($A11,Helper!$A:$I,7,FALSE) -> #N/A | W11: =VLOOKUP($A11,Helper!$A:$I,8,FALSE) -> #N/A | X11: =VLOOKUP($A11,Helper!$A:$I,9,FALSE) -> #N/A
A12: 14931136 | B12: Hamdy | D12: Fayad | F12: 2036 Bryan Street, Houston, State 9 11111 | H12: 7345754375 | I12: Client | J12: dkhnfds@emial.com | O12: King Market/SFDPH | P12: 8907389 | Q12: =VLOOKUP($A12,Helper!$A:$I,2,FALSE) -> #N/A | R12: =VLOOKUP($A12,Helper!$A:$I,3,FALSE) -> #N/A | S12: =VLOOKUP($A12,Helper!$A:$I,4,FALSE) -> #N/A | T12: =VLOOKUP($A12,Helper!$A:$I,5,FALSE) -> #N/A | U12: =VLOOKUP($A12,Helper!$A:$I,6,FALSE) -> #N/A | V12: =VLOOKUP($A12,Helper!$A:$I,7,FALSE) -> #N/A | W12: =VLOOKUP($A12,Helper!$A:$I,8,FALSE) -> #N/A | X12: =VLOOKUP($A12,Helper!$A:$I,9,FALSE) -> #N/A
A13: 15482333 | B13: Jaime | C13: Lee | D13: Hersey | F13: 99 W 10th Avenue Unit 14D, Flint, State 10 11111 | H13: 11111111111 | I13: Client | J13: me@aaa.com | L13: 29271 | O13: IRMO Hersey & Banahan | P13: 9246182 | Q13: =VLOOKUP($A13,Helper!$A:$I,2,FALSE) -> #N/A | R13: =VLOOKUP($A13,Helper!$A:$I,3,FALSE) -> #N/A | S13: =VLOOKUP($A13,Helper!$A:$I,4,FALSE) -> #N/A | T13: =VLOOKUP($A13,Helper!$A:$I,5,FALSE) -> #N/A | U13: =VLOOKUP($A13,Helper!$A:$I,6,FALSE) -> #N/A | V13: =VLOOKUP($A13,Helper!$A:$I,7,FALSE) -> #N/A | W13: =VLOOKUP($A13,Helper!$A:$I,8,FALSE) -> #N/A | X13: =VLOOKUP($A13,Helper!$A:$I,9,FALSE) -> #N/A
A14: 15603341 | B14: Andrew | C14: Rosete | D14: Valencia | F14: 100 Hylein, Unit 4, Tampa, State 11 11111 | H14: (510) 334-7706 | I14: Client | J14: fhasdj@domain.com | O14: IRMO Valencia | P14: 9336068 | Q14: =VLOOKUP($A14,Helper!$A:$I,2,FALSE) -> #N/A | R14: =VLOOKUP($A14,Helper!$A:$I,3,FALSE) -> #N/A | S14: =VLOOKUP($A14,Helper!$A:$I,4,FALSE) -> #N/A | T14: =VLOOKUP($A14,Helper!$A:$I,5,FALSE) -> #N/A | U14: =VLOOKUP($A14,Helper!$A:$I,6,FALSE) -> #N/A | V14: =VLOOKUP($A14,Helper!$A:$I,7,FALSE) -> #N/A | W14: =VLOOKUP($A14,Helper!$A:$I,8,FALSE) -> #N/A | X14: =VLOOKUP($A14,Helper!$A:$I,9,FALSE) -> #N/A
A15: 15703531 | B15: Yen-Ming | D15: Hou | F15: 901 Skycreek Drive #87, Miami, State 12 11111 | H15: (650) 862-7558 | I15: Client | J15: abc2932496@email.com | O15: IRMO Mulroy & Hou | P15: 9416495 | Q15: =VLOOKUP($A15,Helper!$A:$I,2,FALSE) -> #N/A | R15: =VLOOKUP($A15,Helper!$A:$I,3,FALSE) -> #N/A | S15: =VLOOKUP($A15,Helper!$A:$I,4,FALSE) -> #N/A | T15: =VLOOKUP($A15,Helper!$A:$I,5,FALSE) -> #N/A | U15: =VLOOKUP($A15,Helper!$A:$I,6,FALSE) -> #N/A | V15: =VLOOKUP($A15,Helper!$A:$I,7,FALSE) -> #N/A | W15: =VLOOKUP($A15,Helper!$A:$I,8,FALSE) -> #N/A | X15: =VLOOKUP($A15,Helper!$A:$I,9,FALSE) -> #N/A
A16: 16193894 | B16: Matthew | C16: Phil | D16: Bryant | F16: 4009 Bayle Street, Apt 803, Seattle, State 13 11111 | I16: Client | J16: mandatory@email.com | L16: 35057 | O16: Matthew Bryant | P16: 9755543 | Q16: =VLOOKUP($A16,Helper!$A:$I,2,FALSE) -> #N/A | R16: =VLOOKUP($A16,Helper!$A:$I,3,FALSE) -> #N/A | S16: =VLOOKUP($A16,Helper!$A:$I,4,FALSE) -> #N/A | T16: =VLOOKUP($A16,Helper!$A:$I,5,FALSE) -> #N/A | U16: =VLOOKUP($A16,Helper!$A:$I,6,FALSE) -> #N/A | V16: =VLOOKUP($A16,Helper!$A:$I,7,FALSE) -> #N/A | W16: =VLOOKUP($A16,Helper!$A:$I,8,FALSE) -> #N/A | X16: =VLOOKUP($A16,Helper!$A:$I,9,FALSE) -> #N/A
A17: 16438810 | B17: Brittany | C17: Christine | D17: Scanlan | F17: 101 Boardway Ave., Apt.#21, Fort Lauderdale, State 14 11111 | H17: (650) 580-4455 or (564) 189-2467 | I17: Client | J17: bri@aaaaa.com | O17: IRMO Scanlan | P17: 9928699 | Q17: =VLOOKUP($A17,Helper!$A:$I,2,FALSE) -> #N/A | R17: =VLOOKUP($A17,Helper!$A:$I,3,FALSE) -> #N/A | S17: =VLOOKUP($A17,Helper!$A:$I,4,FALSE) -> #N/A | T17: =VLOOKUP($A17,Helper!$A:$I,5,FALSE) -> #N/A | U17: =VLOOKUP($A17,Helper!$A:$I,6,FALSE) -> #N/A | V17: =VLOOKUP($A17,Helper!$A:$I,7,FALSE) -> #N/A | W17: =VLOOKUP($A17,Helper!$A:$I,8,FALSE) -> #N/A | X17: =VLOOKUP($A17,Helper!$A:$I,9,FALSE) -> #N/A
A18: 16480369 | B18: Lauren | D18: Gotelli | F18: 6078 Burneigh Ave., #3, Orlando, State 15 11111 | H18: (415) 418-8395 | I18: Client | L18: 24016 | O18: Lauren Gotelli | P18: 9953780 | Q18: =VLOOKUP($A18,Helper!$A:$I,2,FALSE) -> #N/A | R18: =VLOOKUP($A18,Helper!$A:$I,3,FALSE) -> #N/A | S18: =VLOOKUP($A18,Helper!$A:$I,4,FALSE) -> #N/A | T18: =VLOOKUP($A18,Helper!$A:$I,5,FALSE) -> #N/A | U18: =VLOOKUP($A18,Helper!$A:$I,6,FALSE) -> #N/A | V18: =VLOOKUP($A18,Helper!$A:$I,7,FALSE) -> #N/A | W18: =VLOOKUP($A18,Helper!$A:$I,8,FALSE) -> #N/A | X18: =VLOOKUP($A18,Helper!$A:$I,9,FALSE) -> #N/A
A19: 17820681 | B19: Margarita | D19: Gutierrez | F19: 9087 Christmas Drive # 101, Las Vegas, State 16 11111 | I19: Client | J19: gah@domain.com | O19: Margarita Gutierrez | P19: 10759701 | Q19: =VLOOKUP($A19,Helper!$A:$I,2,FALSE) -> #N/A | R19: =VLOOKUP($A19,Helper!$A:$I,3,FALSE) -> #N/A | S19: =VLOOKUP($A19,Helper!$A:$I,4,FALSE) -> #N/A | T19: =VLOOKUP($A19,Helper!$A:$I,5,FALSE) -> #N/A | U19: =VLOOKUP($A19,Helper!$A:$I,6,FALSE) -> #N/A | V19: =VLOOKUP($A19,Helper!$A:$I,7,FALSE) -> #N/A | W19: =VLOOKUP($A19,Helper!$A:$I,8,FALSE) -> #N/A | X19: =VLOOKUP($A19,Helper!$A:$I,9,FALSE) -> #N/A

Sheet expected output
A1: Client ID | B1: First Name | C1: MiddleName | D1: Last Name | E1: Full Name | F1: Company | G1: Address | H1: Street1 | I1: Street2 | J1: City | K1: State | L1: Zipcode | M1: Home Fax | N1: Mobile Phone | O1: Contact Group | P1: E-mail Address | Q1: Web Page | R1: Birthday | S1: Private Notes | T1: License Number | U1: Cases | V1: Case Link IDs
A2: 7398191 | B2: William | C2: Tim | D2: Barretta | E2: Barretta, William Tim | O2: Client | U2: William Barretta | V2: 3783285
A3: 7439820 | B3: Khaled | C3: Kayne | D3: Kamel | E3: Kamel, Khaled Kayne | G3: 2926 N Raine Blvd. 6, Tucson, State 1 11111 | H3: 2926 N Raine | I3: Blvd. 6 | J3: Tucson | K3: State 1 | L3: 11111 | N3: (555) 555-5555 | O3: Client | P3: user1@email.com | U3: Khaled Kamel | V3: 3810123
A4: 7451828 | B4: Dumisani | D4: Tembo | E4: Tembo, Dumisani | O4: Client | P4: email@domain.com | U4: People v. Tembo, Dumisani | V4: 3820215
A5: 7871642 | B5: Khanh | C5: Dee | D5: Dao | E5: Dao, Khanh Dee | G5: 435 N. Congress Ave., #180, St Petersburg, State 2 11111 | H5: 435 N. Congress Ave. | I5: #180 | J5: St Petersburg | K5: State 2 | L5: 11111 | N5: (111) 852-4480 | O5: Client | P5: Someone@box.com | U5: Khanh Dao | V5: 4066854
A6: 8004314 | B6: Anmar | D6: Saad | E6: Saad, Anmar | G6: 1234 Highland Square Lane, Denver, State 3 11111 | H6: 1234 Highland Square Lane | J6: Denver | K6: State 3 | L6: 11111 | O6: Client | P6: mahmood@email.com | R6: 31648 | T6: F7390729 | U6: Anmar Saad | V6: 4134776
A7: 8393082 | B7: Victor | C7: Henry | D7: Colonnese | E7: Colonnese, Victor Henry | G7: PO Box 200059, Hollywood, State 4 11111 | H7: PO Box 200059 | J7: Hollywood | K7: State 4 | L7: 11111 | N7: (222) 987-1653 | O7: Client | P7: barry@email.com | U7: Dorothy Fujii | V7: 4411263
A8: 8797264 | B8: Amol | D8: Hardikar | E8: Hardikar, Amol | G8: 200 Perry Street, Apt. 1505, Dallas, State 5 11111 | H8: 200 Perry Street | I8: Apt. 1505 | J8: Dallas | K8: State 5 | L8: 11111 | N8: (543) 471-2543 | O8: Client | P8: Time01@email.com | U8: Amol Hardikar | V8: 4663111
A9: 8886849 | B9: Tacktook | D9: Tachtook | E9: Tachtook, Tacktook | G9: 20 Barry Court Apt 203, Boston, State 6 11111 | H9: 20 Barry Court | I9: Apt 203 | J9: Boston | K9: State 6 | L9: 11111 | N9: (634) 684-6543 | O9: Client | P9: dom@domain.com | U9: Tacktook Tachtook v. Alison Aylsworth | V9: 4723026
A10: 14280362 | B10: John | D10: Doe | E10: Doe, John | G10: 123 Main St., Santa Ana, State 7 11111 | H10: 123 Main St. | J10: Santa Ana | K10: State 7 | L10: 11111 | O10: Client | S10: This is a sample contact. | U10: [SAMPLE] John Doe Matter | V10: 8536109
A11: 14280377 | B11: Marjorie | D11: Nishimata | E11: Nishimata, Marjorie | G11: 223 Greaterwealth Avenue Unit 70, Davie, State 8 11111 | H11: 223 Greaterwealth Avenue | I11: Unit 70 | J11: Davie | K11: State 8 | L11: 11111 | N11: (654) 673-9965 | O11: Client | P11: email@klhj.com | R11: 27130 | U11: Marjorie Nishimata | V11: 8536123
A12: 14931136 | B12: Hamdy | D12: Fayad | E12: Fayad, Hamdy | G12: 2036 Bryan Street, Houston, State 9 11111 | H12: 2036 Bryan Street | J12: Houston | K12: State 9 | L12: 11111 | N12: 7345754375 | O12: Client | P12: dkhnfds@emial.com | U12: King Market/SFDPH | V12: 8907389
A13: 15482333 | B13: Jaime | C13: Lee | D13: Hersey | E13: Hersey, Jaime Lee | G13: 99 W 10th Avenue Unit 14D, Flint, State 10 11111 | H13: 99 W 10th Avenue | I13: Unit 14D | J13: Flint | K13: State 10 | L13: 11111 | N13: 11111111111 | O13: Client | P13: me@aaa.com | R13: 29271 | U13: IRMO Hersey & Banahan | V13: 9246182
A14: 15603341 | B14: Andrew | C14: Rosete | D14: Valencia | E14: Valencia, Andrew Rosete | G14: 100 Hylein, Unit 4, Tampa, State 11 11111 | H14: 100 Hylein | I14: Unit 4 | J14: Tampa | K14: State 11 | L14: 11111 | N14: (510) 334-7706 | O14: Client | P14: fhasdj@domain.com | U14: IRMO Valencia | V14: 9336068
A15: 15703531 | B15: Yen-Ming | D15: Hou | E15: Hou, Yen-Ming | G15: 901 Skycreek Drive #87, Miami, State 12 11111 | H15: 901 Skycreek Drive | I15: #87 | J15: Miami | K15: State 12 | L15: 11111 | N15: (650) 862-7558 | O15: Client | P15: abc2932496@email.com | U15: IRMO Mulroy & Hou | V15: 9416495
A16: 16193894 | B16: Matthew | C16: Phil | D16: Bryant | E16: Bryant, Matthew Phil | G16: 4009 Bayle Street, Apt 803, Seattle, State 13 11111 | H16: 4009 Bayle Street | I16: Apt 803 | J16: Seattle | K16: State 13 | L16: 11111 | O16: Client | P16: mandatory@email.com | R16: 35057 | U16: Matthew Bryant | V16: 9755543
A17: 16438810 | B17: Brittany | C17: Christine | D17: Scanlan | E17: Scanlan, Brittany Christine | G17: 101 Boardway Ave., Apt.#21, Fort Lauderdale, State 14 11111 | H17: 101 Boardway Ave. | I17: Apt.#21 | J17: Fort Lauderdale | K17: State 14 | L17: 11111 | N17: (650) 580-4455 or (564) 189-2467 | O17: Client | P17: bri@aaaaa.com | U17: IRMO Scanlan | V17: 9928699
A18: 16480369 | B18: Lauren | D18: Gotelli | E18: Gotelli, Lauren | G18: 6078 Burneigh Ave., #3, Orlando, State 15 11111 | H18: 6078 Burneigh Ave. | I18: #3 | J18: Orlando | K18: State 15 | L18: 11111 | N18: (415) 418-8395 | O18: Client | R18: 24016 | U18: Lauren Gotelli | V18: 9953780
A19: 17820681 | B19: Margarita | D19: Gutierrez | E19: Gutierrez, Margarita | G19: 9087 Christmas Drive # 101, Las Vegas, State 16 11111 | H19: 9087 Christmas Drive | I19: # 101 | J19: Las Vegas | K19: State 16 | L19: 11111 | O19: Client | P19: gah@domain.com | U19: Margarita Gutierrez | V19: 10759701

Sheet Helper
A1: ID | B1: FullName | C1: Street1 | D1: Street2 | E1: City | F1: State | G1: Zip | H1: CleanCases | I1: BirthdayFmt
A2: =Test [1]file!A2 -> #NAME? | B2: =Test [1]file!D2&", "&Test [1]file!B2&IF(Test [1]file!C2="",""," "&Test [1]file!C2) -> #NAME? | C2: =TRIM(LEFT(Test [1]file!F2,FIND(",",Test [1]file!F2&",")-1)) -> #NAME? | D2: =IF(OR(ISNUMBER(SEARCH(" Apt ",Test [1]file!F2)),ISNUMBER(SEARCH(" Suite ",Test [1]file!F2)),ISNUMBER(SEARCH("#",Test [1]file!F2))),"","") | E2: =TRIM(MID(Test [1]file!F2,FIND(",",Test [1]file!F2)+1,FIND(",",Test [1]file!F2,FIND(",",Test [1]file!F2)+1)-FIND(",",Test [1]file!F2)-1)) -> #NAME? | F2: =TRIM(SUBSTITUTE(MID(Test [1]file!F2,FIND(",",Test [1]file!F2,FIND(",",Test [1]file!F2)+1)+1,99),RIGHT(TRIM(Test [1]file!F2),5),"")) -> #NAME? | G2: =TRIM(RIGHT(TRIM(Test [1]file!F2),5)) -> #NAME? | H2: =TRIM(Test [1]file!O2) -> #NAME? | I2: =TEXT(Test [1]file!L2,"m/d/yyyy") -> #NAME?
A3: =Test [1]file!A3 -> #NAME? | B3: =Test [1]file!D3&", "&Test [1]file!B3&IF(Test [1]file!C3="",""," "&Test [1]file!C3) -> #NAME? | C3: =TRIM(LEFT(Test [1]file!F3,FIND(",",Test [1]file!F3&",")-1)) -> #NAME? | D3: =IF(OR(ISNUMBER(SEARCH(" Apt ",Test [1]file!F3)),ISNUMBER(SEARCH(" Suite ",Test [1]file!F3)),ISNUMBER(SEARCH("#",Test [1]file!F3))),"","") | E3: =TRIM(MID(Test [1]file!F3,FIND(",",Test [1]file!F3)+1,FIND(",",Test [1]file!F3,FIND(",",Test [1]file!F3)+1)-FIND(",",Test [1]file!F3)-1)) -> #NAME? | F3: =TRIM(SUBSTITUTE(MID(Test [1]file!F3,FIND(",",Test [1]file!F3,FIND(",",Test [1]file!F3)+1)+1,99),RIGHT(TRIM(Test [1]file!F3),5),"")) -> #NAME? | G3: =TRIM(RIGHT(TRIM(Test [1]file!F3),5)) -> #NAME? | H3: =TRIM(Test [1]file!O3) -> #NAME? | I3: =TEXT(Test [1]file!L3,"m/d/yyyy") -> #NAME?
A4: =Test [1]file!A4 -> #NAME? | B4: =Test [1]file!D4&", "&Test [1]file!B4&IF(Test [1]file!C4="",""," "&Test [1]file!C4) -> #NAME? | C4: =TRIM(LEFT(Test [1]file!F4,FIND(",",Test [1]file!F4&",")-1)) -> #NAME? | D4: =IF(OR(ISNUMBER(SEARCH(" Apt ",Test [1]file!F4)),ISNUMBER(SEARCH(" Suite ",Test [1]file!F4)),ISNUMBER(SEARCH("#",Test [1]file!F4))),"","") | E4: =TRIM(MID(Test [1]file!F4,FIND(",",Test [1]file!F4)+1,FIND(",",Test [1]file!F4,FIND(",",Test [1]file!F4)+1)-FIND(",",Test [1]file!F4)-1)) -> #NAME? | F4: =TRIM(SUBSTITUTE(MID(Test [1]file!F4,FIND(",",Test [1]file!F4,FIND(",",Test [1]file!F4)+1)+1,99),RIGHT(TRIM(Test [1]file!F4),5),"")) -> #NAME? | G4: =TRIM(RIGHT(TRIM(Test [1]file!F4),5)) -> #NAME? | H4: =TRIM(Test [1]file!O4) -> #NAME? | I4: =TEXT(Test [1]file!L4,"m/d/yyyy") -> #NAME?
A5: =Test [1]file!A5 -> #NAME? | B5: =Test [1]file!D5&", "&Test [1]file!B5&IF(Test [1]file!C5="",""," "&Test [1]file!C5) -> #NAME? | C5: =TRIM(LEFT(Test [1]file!F5,FIND(",",Test [1]file!F5&",")-1)) -> #NAME? | D5: =IF(OR(ISNUMBER(SEARCH(" Apt ",Test [1]file!F5)),ISNUMBER(SEARCH(" Suite ",Test [1]file!F5)),ISNUMBER(SEARCH("#",Test [1]file!F5))),"","") | E5: =TRIM(MID(Test [1]file!F5,FIND(",",Test [1]file!F5)+1,FIND(",",Test [1]file!F5,FIND(",",Test [1]file!F5)+1)-FIND(",",Test [1]file!F5)-1)) -> #NAME? | F5: =TRIM(SUBSTITUTE(MID(Test [1]file!F5,FIND(",",Test [1]file!F5,FIND(",",Test [1]file!F5)+1)+1,99),RIGHT(TRIM(Test [1]file!F5),5),"")) -> #NAME? | G5: =TRIM(RIGHT(TRIM(Test [1]file!F5),5)) -> #NAME? | H5: =TRIM(Test [1]file!O5) -> #NAME? | I5: =TEXT(Test [1]file!L5,"m/d/yyyy") -> #NAME?
A6: =Test [1]file!A6 -> #NAME? | B6: =Test [1]file!D6&", "&Test [1]file!B6&IF(Test [1]file!C6="",""," "&Test [1]file!C6) -> #NAME? | C6: =TRIM(LEFT(Test [1]file!F6,FIND(",",Test [1]file!F6&",")-1)) -> #NAME? | D6: =IF(OR(ISNUMBER(SEARCH(" Apt ",Test [1]file!F6)),ISNUMBER(SEARCH(" Suite ",Test [1]file!F6)),ISNUMBER(SEARCH("#",Test [1]file!F6))),"","") | E6: =TRIM(MID(Test [1]file!F6,FIND(",",Test [1]file!F6)+1,FIND(",",Test [1]file!F6,FIND(",",Test [1]file!F6)+1)-FIND(",",Test [1]file!F6)-1)) -> #NAME? | F6: =TRIM(SUBSTITUTE(MID(Test [1]file!F6,FIND(",",Test [1]file!F6,FIND(",",Test [1]file!F6)+1)+1,99),RIGHT(TRIM(Test [1]file!F6),5),"")) -> #NAME? | G6: =TRIM(RIGHT(TRIM(Test [1]file!F6),5)) -> #NAME? | H6: =TRIM(Test [1]file!O6) -> #NAME? | I6: =TEXT(Test [1]file!L6,"m/d/yyyy") -> #NAME?
A7: =Test [1]file!A7 -> #NAME? | B7: =Test [1]file!D7&", "&Test [1]file!B7&IF(Test [1]file!C7="",""," "&Test [1]file!C7) -> #NAME? | C7: =TRIM(LEFT(Test [1]file!F7,FIND(",",Test [1]file!F7&",")-1)) -> #NAME? | D7: =IF(OR(ISNUMBER(SEARCH(" Apt ",Test [1]file!F7)),ISNUMBER(SEARCH(" Suite ",Test [1]file!F7)),ISNUMBER(SEARCH("#",Test [1]file!F7))),"","") | E7: =TRIM(MID(Test [1]file!F7,FIND(",",Test [1]file!F7)+1,FIND(",",Test [1]file!F7,FIND(",",Test [1]file!F7)+1)-FIND(",",Test [1]file!F7)-1)) -> #NAME? | F7: =TRIM(SUBSTITUTE(MID(Test [1]file!F7,FIND(",",Test [1]file!F7,FIND(",",Test [1]file!F7)+1)+1,99),RIGHT(TRIM(Test [1]file!F7),5),"")) -> #NAME? | G7: =TRIM(RIGHT(TRIM(Test [1]file!F7),5)) -> #NAME? | H7: =TRIM(Test [1]file!O7) -> #NAME? | I7: =TEXT(Test [1]file!L7,"m/d/yyyy") -> #NAME?
A8: =Test [1]file!A8 -> #NAME? | B8: =Test [1]file!D8&", "&Test [1]file!B8&IF(Test [1]file!C8="",""," "&Test [1]file!C8) -> #NAME? | C8: =TRIM(LEFT(Test [1]file!F8,FIND(",",Test [1]file!F8&",")-1)) -> #NAME? | D8: =IF(OR(ISNUMBER(SEARCH(" Apt ",Test [1]file!F8)),ISNUMBER(SEARCH(" Suite ",Test [1]file!F8)),ISNUMBER(SEARCH("#",Test [1]file!F8))),"","") | E8: =TRIM(MID(Test [1]file!F8,FIND(",",Test [1]file!F8)+1,FIND(",",Test [1]file!F8,FIND(",",Test [1]file!F8)+1)-FIND(",",Test [1]file!F8)-1)) -> #NAME? | F8: =TRIM(SUBSTITUTE(MID(Test [1]file!F8,FIND(",",Test [1]file!F8,FIND(",",Test [1]file!F8)+1)+1,99),RIGHT(TRIM(Test [1]file!F8),5),"")) -> #NAME? | G8: =TRIM(RIGHT(TRIM(Test [1]file!F8),5)) -> #NAME? | H8: =TRIM(Test [1]file!O8) -> #NAME? | I8: =TEXT(Test [1]file!L8,"m/d/yyyy") -> #NAME?
A9: =Test [1]file!A9 -> #NAME? | B9: =Test [1]file!D9&", "&Test [1]file!B9&IF(Test [1]file!C9="",""," "&Test [1]file!C9) -> #NAME? | C9: =TRIM(LEFT(Test [1]file!F9,FIND(",",Test [1]file!F9&",")-1)) -> #NAME? | D9: =IF(OR(ISNUMBER(SEARCH(" Apt ",Test [1]file!F9)),ISNUMBER(SEARCH(" Suite ",Test [1]file!F9)),ISNUMBER(SEARCH("#",Test [1]file!F9))),"","") | E9: =TRIM(MID(Test [1]file!F9,FIND(",",Test [1]file!F9)+1,FIND(",",Test [1]file!F9,FIND(",",Test [1]file!F9)+1)-FIND(",",Test [1]file!F9)-1)) -> #NAME? | F9: =TRIM(SUBSTITUTE(MID(Test [1]file!F9,FIND(",",Test [1]file!F9,FIND(",",Test [1]file!F9)+1)+1,99),RIGHT(TRIM(Test [1]file!F9),5),"")) -> #NAME? | G9: =TRIM(RIGHT(TRIM(Test [1]file!F9),5)) -> #NAME? | H9: =TRIM(Test [1]file!O9) -> #NAME? | I9: =TEXT(Test [1]file!L9,"m/d/yyyy") -> #NAME?
A10: =Test [1]file!A10 -> #NAME? | B10: =Test [1]file!D10&", "&Test [1]file!B10&IF(Test [1]file!C10="",""," "&Test [1]file!C10) -> #NAME? | C10: =TRIM(LEFT(Test [1]file!F10,FIND(",",Test [1]file!F10&",")-1)) -> #NAME? | D10: =IF(OR(ISNUMBER(SEARCH(" Apt ",Test [1]file!F10)),ISNUMBER(SEARCH(" Suite ",Test [1]file!F10)),ISNUMBER(SEARCH("#",Test [1]file!F10))),"","") | E10: =TRIM(MID(Test [1]file!F10,FIND(",",Test [1]file!F10)+1,FIND(",",Test [1]file!F10,FIND(",",Test [1]file!F10)+1)-FIND(",",Test [1]file!F10)-1)) -> #NAME? | F10: =TRIM(SUBSTITUTE(MID(Test [1]file!F10,FIND(",",Test [1]file!F10,FIND(",",Test [1]file!F10)+1)+1,99),RIGHT(TRIM(Test [1]file!F10),5),"")) -> #NAME? | G10: =TRIM(RIGHT(TRIM(Test [1]file!F10),5)) -> #NAME? | H10: =TRIM(Test [1]file!O10) -> #NAME? | I10: =TEXT(Test [1]file!L10,"m/d/yyyy") -> #NAME?
A11: =Test [1]file!A11 -> #NAME? | B11: =Test [1]file!D11&", "&Test [1]file!B11&IF(Test [1]file!C11="",""," "&Test [1]file!C11) -> #NAME? | C11: =TRIM(LEFT(Test [1]file!F11,FIND(",",Test [1]file!F11&",")-1)) -> #NAME? | D11: =IF(OR(ISNUMBER(SEARCH(" Apt ",Test [1]file!F11)),ISNUMBER(SEARCH(" Suite ",Test [1]file!F11)),ISNUMBER(SEARCH("#",Test [1]file!F11))),"","") | E11: =TRIM(MID(Test [1]file!F11,FIND(",",Test [1]file!F11)+1,FIND(",",Test [1]file!F11,FIND(",",Test [1]file!F11)+1)-FIND(",",Test [1]file!F11)-1)) -> #NAME? | F11: =TRIM(SUBSTITUTE(MID(Test [1]file!F11,FIND(",",Test [1]file!F11,FIND(",",Test [1]file!F11)+1)+1,99),RIGHT(TRIM(Test [1]file!F11),5),"")) -> #NAME? | G11: =TRIM(RIGHT(TRIM(Test [1]file!F11),5)) -> #NAME? | H11: =TRIM(Test [1]file!O11) -> #NAME? | I11: =TEXT(Test [1]file!L11,"m/d/yyyy") -> #NAME?
A12: =Test [1]file!A12 -> #NAME? | B12: =Test [1]file!D12&", "&Test [1]file!B12&IF(Test [1]file!C12="",""," "&Test [1]file!C12) -> #NAME? | C12: =TRIM(LEFT(Test [1]file!F12,FIND(",",Test [1]file!F12&",")-1)) -> #NAME? | D12: =IF(OR(ISNUMBER(SEARCH(" Apt ",Test [1]file!F12)),ISNUMBER(SEARCH(" Suite ",Test [1]file!F12)),ISNUMBER(SEARCH("#",Test [1]file!F12))),"","") | E12: =TRIM(MID(Test [1]file!F12,FIND(",",Test [1]file!F12)+1,FIND(",",Test [1]file!F12,FIND(",",Test [1]file!F12)+1)-FIND(",",Test [1]file!F12)-1)) -> #NAME? | F12: =TRIM(SUBSTITUTE(MID(Test [1]file!F12,FIND(",",Test [1]file!F12,FIND(",",Test [1]file!F12)+1)+1,99),RIGHT(TRIM(Test [1]file!F12),5),"")) -> #NAME? | G12: =TRIM(RIGHT(TRIM(Test [1]file!F12),5)) -> #NAME? | H12: =TRIM(Test [1]file!O12) -> #NAME? | I12: =TEXT(Test [1]file!L12,"m/d/yyyy") -> #NAME?
A13: =Test [1]file!A13 -> #NAME? | B13: =Test [1]file!D13&", "&Test [1]file!B13&IF(Test [1]file!C13="",""," "&Test [1]file!C13) -> #NAME? | C13: =TRIM(LEFT(Test [1]file!F13,FIND(",",Test [1]file!F13&",")-1)) -> #NAME? | D13: =IF(OR(ISNUMBER(SEARCH(" Apt ",Test [1]file!F13)),ISNUMBER(SEARCH(" Suite ",Test [1]file!F13)),ISNUMBER(SEARCH("#",Test [1]file!F13))),"","") | E13: =TRIM(MID(Test [1]file!F13,FIND(",",Test [1]file!F13)+1,FIND(",",Test [1]file!F13,FIND(",",Test [1]file!F13)+1)-FIND(",",Test [1]file!F13)-1)) -> #NAME? | F13: =TRIM(SUBSTITUTE(MID(Test [1]file!F13,FIND(",",Test [1]file!F13,FIND(",",Test [1]file!F13)+1)+1,99),RIGHT(TRIM(Test [1]file!F13),5),"")) -> #NAME? | G13: =TRIM(RIGHT(TRIM(Test [1]file!F13),5)) -> #NAME? | H13: =TRIM(Test [1]file!O13) -> #NAME? | I13: =TEXT(Test [1]file!L13,"m/d/yyyy") -> #NAME?
... A19: =Test [1]file!A19 -> #NAME? | B19: =Test [1]file!D19&", "&Test [1]file!B19&IF(Test [1]file!C19="",""," "&Test [1]file!C19) -> #NAME? | C19: =TRIM(LEFT(Test [1]file!F19,FIND(",",Test [1]file!F19&",")-1)) -> #NAME? | D19: =IF(OR(ISNUMBER(SEARCH(" Apt ",Test [1]file!F19)),ISNUMBER(SEARCH(" Suite ",Test [1]file!F19)),ISNUMBER(SEARCH("#",Test [1]file!F19))),"","") | E19: =TRIM(MID(Test [1]file!F19,FIND(",",Test [1]file!F19)+1,FIND(",",Test [1]file!F19,FIND(",",Test [1]file!F19)+1)-FIND(",",Test [1]file!F19)-1)) -> #NAME? | F19: =TRIM(SUBSTITUTE(MID(Test [1]file!F19,FIND(",",Test [1]file!F19,FIND(",",Test [1]file!F19)+1)+1,99),RIGHT(TRIM(Test [1]file!F19),5),"")) -> #NAME? | G19: =TRIM(RIGHT(TRIM(Test [1]file!F19),5)) -> #NAME? | H19: =TRIM(Test [1]file!O19) -> #NAME? | I19: =TEXT(Test [1]file!L19,"m/d/yyyy") -> #NAME?
