Workbook

Sheet Test file
A1: Client ID | B1: First Name | C1: MiddleName | D1: Last Name | E1: Company | F1: Address | G1: Home Fax | H1: Mobile Phone | I1: Contact Group | J1: E-mail Address | K1: Web Page | L1: Birthday | M1: Private Notes | N1: License Number | O1: Cases | P1: Case Link IDs | Q1: Full Name | R1: Street1 | S1: Street2 | T1: City | U1: State | V1: Zipcode | W1: Cases | X1: Birthday
A2: 7398191 | B2: William | C2: Tim | D2: Barretta | I2: Client | O2: William Barretta | P2: 3783285 | Q2: =TRIM(D2 & ", " & B2 & " " & C2) -> Barretta, William Tim | R2: {=TRIM(INDEX(_xlfn.TEXTSPLIT(F2,","),1))} | W2: =TRIM(CLEAN(O2)) -> William Barretta
A3: 7439820 | B3: Khaled | C3: Kayne | D3: Kamel | F3: 2926 N Raine, Blvd. 6, Tucson, State 1, 11111 | H3: (555) 555-5555 | I3: Client | J3: user1@email.com | O3: Khaled Kamel | P3: 3810123 | Q3: =TRIM(D3 & ", " & B3 & " " & C3) -> Kamel, Khaled Kayne | R3: {=TRIM(INDEX(_xlfn.TEXTSPLIT(F3,","),1))} -> 2926 N Raine | S3: {=TRIM(INDEX(_xlfn.TEXTSPLIT(F3,","),2))} -> Blvd. 6 | T3: {=TRIM(INDEX(_xlfn.TEXTSPLIT(F3,","),3))} -> Tucson | U3: {=TRIM(INDEX(_xlfn.TEXTSPLIT(F3,","),4))} -> State 1 | V3: {=TRIM(INDEX(_xlfn.TEXTSPLIT(F3,","),5))} -> 11111 | W3: =TRIM(CLEAN(O3)) -> Khaled Kamel
A4: 7451828 | B4: Dumisani | D4: Tembo | I4: Client | J4: email@domain.com | O4: People v. Tembo, Dumisani | P4: 3820215 | Q4: =TRIM(D4 & ", " & B4 & " " & C4) -> Tembo, Dumisani | R4: {=TRIM(INDEX(_xlfn.TEXTSPLIT(F4,","),1))} | W4: =TRIM(CLEAN(O4)) -> People v. Tembo, Dumisani
A5: 7871642 | B5: Khanh | C5: Dee | D5: Dao | F5: 435 N. Congress Ave., #180, St Petersburg, State 2, 11111 | H5: (111) 852-4480 | I5: Client | J5: Someone@box.com | O5: Khanh Dao | P5: 4066854 | Q5: =TRIM(D5 & ", " & B5 & " " & C5) -> Dao, Khanh Dee | R5: {=TRIM(INDEX(_xlfn.TEXTSPLIT(F5,","),1))} -> 435 N. Congress Ave. | S5: {=TRIM(INDEX(_xlfn.TEXTSPLIT(F5,","),2))} -> #180 | T5: {=TRIM(INDEX(_xlfn.TEXTSPLIT(F5,","),3))} -> St Petersburg | U5: {=TRIM(INDEX(_xlfn.TEXTSPLIT(F5,","),4))} -> State 2 | V5: {=TRIM(INDEX(_xlfn.TEXTSPLIT(F5,","),5))} -> 11111 | W5: =TRIM(CLEAN(O5)) -> Khanh Dao
A6: 8004314 | B6: Anmar | D6: Saad | F6: 1234 Highland Square Lane, , Denver, State 3, 11111 | I6: Client | J6: mahmood@email.com | L6: 31648 | N6: F7390729 | O6: Anmar Saad | P6: 4134776 | Q6: =TRIM(D6 & ", " & B6 & " " & C6) -> Saad, Anmar | R6: {=TRIM(INDEX(_xlfn.TEXTSPLIT(F6,","),1))} -> 1234 Highland Square Lane | S6: {=TRIM(INDEX(_xlfn.TEXTSPLIT(F6,","),2))} | T6: {=TRIM(INDEX(_xlfn.TEXTSPLIT(F6,","),3))} -> Denver | U6: {=TRIM(INDEX(_xlfn.TEXTSPLIT(F6,","),4))} -> State 3 | V6: {=TRIM(INDEX(_xlfn.TEXTSPLIT(F6,","),5))} -> 11111 | W6: =TRIM(CLEAN(O6)) -> Anmar Saad | X6: =TEXT(L6,"m/d/yyyy") -> 8/24/1986
A7: 8393082 | B7: Victor | C7: Henry | D7: Colonnese | F7: PO Box 200059, ,Hollywood, State 4, 11111 | H7: (222) 987-1653 | I7: Client | J7: barry@email.com | O7: Dorothy Fujii | P7: 4411263 | Q7: =TRIM(D7 & ", " & B7 & " " & C7) -> Colonnese, Victor Henry | R7: {=TRIM(INDEX(_xlfn.TEXTSPLIT(F7,","),1))} -> PO Box 200059 | S7: {=TRIM(INDEX(_xlfn.TEXTSPLIT(F7,","),2))} | T7: {=TRIM(INDEX(_xlfn.TEXTSPLIT(F7,","),3))} -> Hollywood | U7: {=TRIM(INDEX(_xlfn.TEXTSPLIT(F7,","),4))} -> State 4 | V7: {=TRIM(INDEX(_xlfn.TEXTSPLIT(F7,","),5))} -> 11111 | W7: =TRIM(CLEAN(O7)) -> Dorothy Fujii
A8: 8797264 | B8: Amol | D8: Hardikar | F8: 200 Perry Street, Apt. 1505, Dallas, State 5, 11111 | H8: (543) 471-2543 | I8: Client | J8: Time01@email.com | O8: Amol Hardikar | P8: 4663111 | Q8: =TRIM(D8 & ", " & B8 & " " & C8) -> Hardikar, Amol | R8: {=TRIM(INDEX(_xlfn.TEXTSPLIT(F8,","),1))} -> 200 Perry Street | S8: {=TRIM(INDEX(_xlfn.TEXTSPLIT(F8,","),2))} -> Apt. 1505 | T8: {=TRIM(INDEX(_xlfn.TEXTSPLIT(F8,","),3))} -> Dallas | U8: {=TRIM(INDEX(_xlfn.TEXTSPLIT(F8,","),4))} -> State 5 | V8: {=TRIM(INDEX(_xlfn.TEXTSPLIT(F8,","),5))} -> 11111 | W8: =TRIM(CLEAN(O8)) -> Amol Hardikar
A9: 8886849 | B9: Tacktook | D9: Tachtook | F9: 20 Barry Court, Apt 203, Boston, State 6, 11111 | H9: (634) 684-6543 | I9: Client | J9: dom@domain.com | O9: Tacktook Tachtook v. Alison Aylsworth | P9: 4723026 | Q9: =TRIM(D9 & ", " & B9 & " " & C9) -> Tachtook, Tacktook | R9: {=TRIM(INDEX(_xlfn.TEXTSPLIT(F9,","),1))} -> 20 Barry Court | S9: {=TRIM(INDEX(_xlfn.TEXTSPLIT(F9,","),2))} -> Apt 203 | T9: {=TRIM(INDEX(_xlfn.TEXTSPLIT(F9,","),3))} -> Boston | U9: {=TRIM(INDEX(_xlfn.TEXTSPLIT(F9,","),4))} -> State 6 | V9: {=TRIM(INDEX(_xlfn.TEXTSPLIT(F9,","),5))} -> 11111 | W9: =TRIM(CLEAN(O9)) -> Tacktook Tachtook v. Alison Aylsworth
A10: 14280362 | B10: John | D10: Doe | F10: 123 Main St., ,Santa Ana, State 7, 11111 | I10: Client | M10: This is a sample contact. | O10: [SAMPLE] John Doe Matter | P10: 8536109 | Q10: =TRIM(D10 & ", " & B10 & " " & C10) -> Doe, John | R10: {=TRIM(INDEX(_xlfn.TEXTSPLIT(F10,","),1))} -> 123 Main St. | S10: {=TRIM(INDEX(_xlfn.TEXTSPLIT(F10,","),2))} | T10: {=TRIM(INDEX(_xlfn.TEXTSPLIT(F10,","),3))} -> Santa Ana | U10: {=TRIM(INDEX(_xlfn.TEXTSPLIT(F10,","),4))} -> State 7 | V10: {=TRIM(INDEX(_xlfn.TEXTSPLIT(F10,","),5))} -> 11111 | W10: =TRIM(CLEAN(O10)) -> [SAMPLE] John Doe Matter
A11: 14280377 | B11: Marjorie | D11: Nishimata | F11: 223 Greaterwealth Avenue, Unit 70, Davie, State 8, 11111 | H11: (654) 673-9965 | I11: Client | J11: email@klhj.com | L11: 27130 | O11: Marjorie Nishimata | P11: 8536123 | Q11: =TRIM(D11 & ", " & B11 & " " & C11) -> Nishimata, Marjorie | R11: {=TRIM(INDEX(_xlfn.TEXTSPLIT(F11,","),1))} -> 223 Greaterwealth Avenue | S11: {=TRIM(INDEX(_xlfn.TEXTSPLIT(F11,","),2))} -> Unit 70 | T11: {=TRIM(INDEX(_xlfn.TEXTSPLIT(F11,","),3))} -> Davie | U11: {=TRIM(INDEX(_xlfn.TEXTSPLIT(F11,","),4))} -> State 8 | V11: {=TRIM(INDEX(_xlfn.TEXTSPLIT(F11,","),5))} -> 11111 | W11: =TRIM(CLEAN(O11)) -> Marjorie Nishimata | X11: =TEXT(L11,"m/d/yyyy") -> 4/11/1974
A12: 14931136 | B12: Hamdy | D12: Fayad | F12: 2036 Bryan Street, ,Houston, State 9, 11111 | H12: 7345754375 | I12: Client | J12: dkhnfds@emial.com | O12: King Market/SFDPH | P12: 8907389 | Q12: =TRIM(D12 & ", " & B12 & " " & C12) -> Fayad, Hamdy | R12: {=TRIM(INDEX(_xlfn.TEXTSPLIT(F12,","),1))} -> 2036 Bryan Street | S12: {=TRIM(INDEX(_xlfn.TEXTSPLIT(F12,","),2))} | T12: {=TRIM(INDEX(_xlfn.TEXTSPLIT(F12,","),3))} -> Houston | U12: {=TRIM(INDEX(_xlfn.TEXTSPLIT(F12,","),4))} -> State 9 | V12: {=TRIM(INDEX(_xlfn.TEXTSPLIT(F12,","),5))} -> 11111 | W12: =TRIM(CLEAN(O12)) -> King Market/SFDPH
A13: 15482333 | B13: Jaime | C13: Lee | D13: Hersey | F13: 99 W 10th Avenue, Unit 14D, Flint, State 10, 11111 | H13: 11111111111 | I13: Client | J13: me@aaa.com | L13: 29271 | O13: IRMO Hersey & Banahan | P13: 9246182 | Q13: =TRIM(D13 & ", " & B13 & " " & C13) -> Hersey, Jaime Lee | R13: {=TRIM(INDEX(_xlfn.TEXTSPLIT(F13,","),1))} -> 99 W 10th Avenue | S13: {=TRIM(INDEX(_xlfn.TEXTSPLIT(F13,","),2))} -> Unit 14D | T13: {=TRIM(INDEX(_xlfn.TEXTSPLIT(F13,","),3))} -> Flint | U13: {=TRIM(INDEX(_xlfn.TEXTSPLIT(F13,","),4))} -> State 10 | V13: {=TRIM(INDEX(_xlfn.TEXTSPLIT(F13,","),5))} -> 11111 | W13: =TRIM(CLEAN(O13)) -> IRMO Hersey & Banahan | X13: =TEXT(L13,"m/d/yyyy") -> 2/20/1980
A14: 15603341 | B14: Andrew | C14: Rosete | D14: Valencia | F14: 100 Hylein, Unit 4, Tampa, State 11, 11111 | H14: (510) 334-7706 | I14: Client | J14: fhasdj@domain.com | O14: IRMO Valencia | P14: 9336068 | Q14: =TRIM(D14 & ", " & B14 & " " & C14) -> Valencia, Andrew Rosete | R14: {=TRIM(INDEX(_xlfn.TEXTSPLIT(F14,","),1))} -> 100 Hylein | S14: {=TRIM(INDEX(_xlfn.TEXTSPLIT(F14,","),2))} -> Unit 4 | T14: {=TRIM(INDEX(_xlfn.TEXTSPLIT(F14,","),3))} -> Tampa | U14: {=TRIM(INDEX(_xlfn.TEXTSPLIT(F14,","),4))} -> State 11 | V14: {=TRIM(INDEX(_xlfn.TEXTSPLIT(F14,","),5))} -> 11111 | W14: =TRIM(CLEAN(O14)) -> IRMO Valencia
A15: 15703531 | B15: Yen-Ming | D15: Hou | F15: 901 Skycreek Drive, #87, Miami, State 12, 11111 | H15: (650) 862-7558 | I15: Client | J15: abc2932496@email.com | O15: IRMO Mulroy & Hou | P15: 9416495 | Q15: =TRIM(D15 & ", " & B15 & " " & C15) -> Hou, Yen-Ming | R15: {=TRIM(INDEX(_xlfn.TEXTSPLIT(F15,","),1))} -> 901 Skycreek Drive | S15: {=TRIM(INDEX(_xlfn.TEXTSPLIT(F15,","),2))} -> #87 | T15: {=TRIM(INDEX(_xlfn.TEXTSPLIT(F15,","),3))} -> Miami | U15: {=TRIM(INDEX(_xlfn.TEXTSPLIT(F15,","),4))} -> State 12 | V15: {=TRIM(INDEX(_xlfn.TEXTSPLIT(F15,","),5))} -> 11111 | W15: =TRIM(CLEAN(O15)) -> IRMO Mulroy & Hou
A16: 16193894 | B16: Matthew | C16: Phil | D16: Bryant | F16: 4009 Bayle Street, Apt 803, Seattle, State 13, 11111 | I16: Client | J16: mandatory@email.com | L16: 35057 | O16: Matthew Bryant | P16: 9755543 | Q16: =TRIM(D16 & ", " & B16 & " " & C16) -> Bryant, Matthew Phil | R16: {=TRIM(INDEX(_xlfn.TEXTSPLIT(F16,","),1))} -> 4009 Bayle Street | S16: {=TRIM(INDEX(_xlfn.TEXTSPLIT(F16,","),2))} -> Apt 803 | T16: {=TRIM(INDEX(_xlfn.TEXTSPLIT(F16,","),3))} -> Seattle | U16: {=TRIM(INDEX(_xlfn.TEXTSPLIT(F16,","),4))} -> State 13 | V16: {=TRIM(INDEX(_xlfn.TEXTSPLIT(F16,","),5))} -> 11111 | W16: =TRIM(CLEAN(O16)) -> Matthew Bryant | X16: =TEXT(L16,"m/d/yyyy") -> 12/24/1995
A17: 16438810 | B17: Brittany | C17: Christine | D17: Scanlan | F17: 101 Boardway Ave., Apt.#21, Fort Lauderdale, State 14, 11111 | H17: (650) 580-4455 or (564) 189-2467 | I17: Client | J17: bri@aaaaa.com | O17: IRMO Scanlan | P17: 9928699 | Q17: =TRIM(D17 & ", " & B17 & " " & C17) -> Scanlan, Brittany Christine | R17: {=TRIM(INDEX(_xlfn.TEXTSPLIT(F17,","),1))} -> 101 Boardway Ave. | S17: {=TRIM(INDEX(_xlfn.TEXTSPLIT(F17,","),2))} -> Apt.#21 | T17: {=TRIM(INDEX(_xlfn.TEXTSPLIT(F17,","),3))} -> Fort Lauderdale | U17: {=TRIM(INDEX(_xlfn.TEXTSPLIT(F17,","),4))} -> State 14 | V17: {=TRIM(INDEX(_xlfn.TEXTSPLIT(F17,","),5))} -> 11111 | W17: =TRIM(CLEAN(O17)) -> IRMO Scanlan
A18: 16480369 | B18: Lauren | D18: Gotelli | F18: 6078 Burneigh Ave., #3, Orlando, State 15, 11111 | H18: (415) 418-8395 | I18: Client | L18: 24016 | O18: Lauren Gotelli | P18: 9953780 | Q18: =TRIM(D18 & ", " & B18 & " " & C18) -> Gotelli, Lauren | R18: {=TRIM(INDEX(_xlfn.TEXTSPLIT(F18,","),1))} -> 6078 Burneigh Ave. | S18: {=TRIM(INDEX(_xlfn.TEXTSPLIT(F18,","),2))} -> #3 | T18: {=TRIM(INDEX(_xlfn.TEXTSPLIT(F18,","),3))} -> Orlando | U18: {=TRIM(INDEX(_xlfn.TEXTSPLIT(F18,","),4))} -> State 15 | V18: {=TRIM(INDEX(_xlfn.TEXTSPLIT(F18,","),5))} -> 11111 | W18: =TRIM(CLEAN(O18)) -> Lauren Gotelli | X18: =TEXT(L18,"m/d/yyyy") -> 10/1/1965
A19: 17820681 | B19: Margarita | D19: Gutierrez | F19: 9087 Christmas Drive, # 101, Las Vegas, State 16, 11111 | I19: Client | J19: gah@domain.com | O19: Margarita Gutierrez | P19: 10759701 | Q19: =TRIM(D19 & ", " & B19 & " " & C19) -> Gutierrez, Margarita | R19: {=TRIM(INDEX(_xlfn.TEXTSPLIT(F19,","),1))} -> 9087 Christmas Drive | S19: {=TRIM(INDEX(_xlfn.TEXTSPLIT(F19,","),2))} -> # 101 | T19: {=TRIM(INDEX(_xlfn.TEXTSPLIT(F19,","),3))} -> Las Vegas | U19: {=TRIM(INDEX(_xlfn.TEXTSPLIT(F19,","),4))} -> State 16 | V19: {=TRIM(INDEX(_xlfn.TEXTSPLIT(F19,","),5))} -> 11111 | W19: =TRIM(CLEAN(O19)) -> Margarita Gutierrez | X19: =TEXT(L19,"m/d/yyyy") -> 1/0/1900

Sheet Final
A1: Client ID | B1: First Name | C1: MiddleName | D1: Last Name | E1: Full Name | F1: Company | G1: Address | H1: Street1 | I1: Street2 | J1: City | K1: State | L1: Zipcode | M1: Home Fax | N1: Mobile Phone | O1: Contact Group | P1: E-mail Address | Q1: Web Page | R1: Birthday | S1: Private Notes | T1: License Number | U1: Cases | V1: Case Link IDs
A2: 7398191 | B2: =VLOOKUP($A2, 'Test file'!$A:$Q, 2, FALSE) -> William | C2: =VLOOKUP($A2, 'Test file'!$A:$Q, 3, FALSE) -> Tim | D2: =VLOOKUP($A2, 'Test file'!$A:$Q, 4, FALSE) -> Barretta | E2: =VLOOKUP($A2, 'Test file'!$A:$Q, 17, FALSE) -> Barretta, William Tim | G2: =VLOOKUP($A2, 'Test file'!$A:$Q, 6, FALSE) | O2: =VLOOKUP($A2, 'Test file'!$A:$X, 9, FALSE) -> Client | U2: =TRIM(VLOOKUP($A2, 'Test file'!$A:$Q, 15, FALSE)) -> William Barretta | V2: =VLOOKUP($A2, 'Test file'!$A:$X, 16,FALSE) -> 3783285
A3: 7439820 | B3: =VLOOKUP($A3, 'Test file'!$A:$Q, 2, FALSE) -> Khaled | C3: =VLOOKUP($A3, 'Test file'!$A:$Q, 3, FALSE) -> Kayne | D3: =VLOOKUP($A3, 'Test file'!$A:$Q, 4, FALSE) -> Kamel | E3: =VLOOKUP($A3, 'Test file'!$A:$Q, 17, FALSE) -> Kamel, Khaled Kayne | G3: =VLOOKUP($A3, 'Test file'!$A:$Q, 6, FALSE) -> 2926 N Raine, Blvd. 6, Tucson, State 1, 11111 | H3: =VLOOKUP($A3, 'Test file'!$A:$X, 18, FALSE) -> 2926 N Raine | I3: =VLOOKUP($A3, 'Test file'!$A:$X, 19, FALSE) -> Blvd. 6 | J3: =VLOOKUP($A3, 'Test file'!$A:$X, 20, FALSE) -> Tucson | K3: =VLOOKUP($A3, 'Test file'!$A:$X, 21, FALSE) -> State 1 | L3: =VLOOKUP($A3, 'Test file'!$A:$X, 22, FALSE) -> 11111 | N3: =VLOOKUP($A3, 'Test file'!$A:$Q, 8, FALSE) -> (555) 555-5555 | O3: =VLOOKUP($A3, 'Test file'!$A:$X, 9, FALSE) -> Client | P3: =VLOOKUP($A3, 'Test file'!$A:$X, 10, FALSE) -> user1@email.com | U3: =TRIM(VLOOKUP($A3, 'Test file'!$A:$Q, 15, FALSE)) -> Khaled Kamel | V3: =VLOOKUP($A3, 'Test file'!$A:$X, 16,FALSE) -> 3810123
A4: 7451828 | B4: =VLOOKUP($A4, 'Test file'!$A:$Q, 2, FALSE) -> Dumisani | C4: =VLOOKUP($A4, 'Test file'!$A:$Q, 3, FALSE) | D4: =VLOOKUP($A4, 'Test file'!$A:$Q, 4, FALSE) -> Tembo | E4: =VLOOKUP($A4, 'Test file'!$A:$Q, 17, FALSE) -> Tembo, Dumisani | G4: =VLOOKUP($A4, 'Test file'!$A:$Q, 6, FALSE) | H4: =VLOOKUP($A4, 'Test file'!$A:$X, 18, FALSE) | J4: =VLOOKUP($A4, 'Test file'!$A:$X, 20, FALSE) -> 0 | O4: =VLOOKUP($A4, 'Test file'!$A:$X, 9, FALSE) -> Client | P4: =VLOOKUP($A4, 'Test file'!$A:$X, 10, FALSE) -> email@domain.com | U4: =TRIM(VLOOKUP($A4, 'Test file'!$A:$Q, 15, FALSE)) -> People v. Tembo, Dumisani | V4: =VLOOKUP($A4, 'Test file'!$A:$X, 16,FALSE) -> 3820215
A5: 7871642 | B5: =VLOOKUP($A5, 'Test file'!$A:$Q, 2, FALSE) -> Khanh | C5: =VLOOKUP($A5, 'Test file'!$A:$Q, 3, FALSE) -> Dee | D5: =VLOOKUP($A5, 'Test file'!$A:$Q, 4, FALSE) -> Dao | E5: =VLOOKUP($A5, 'Test file'!$A:$Q, 17, FALSE) -> Dao, Khanh Dee | G5: =VLOOKUP($A5, 'Test file'!$A:$Q, 6, FALSE) -> 435 N. Congress Ave., #180, St Petersburg, State 2, 11111 | H5: =VLOOKUP($A5, 'Test file'!$A:$X, 18, FALSE) -> 435 N. Congress Ave. | I5: =VLOOKUP($A5, 'Test file'!$A:$X, 19, FALSE) -> #180 | J5: =VLOOKUP($A5, 'Test file'!$A:$X, 20, FALSE) -> St Petersburg | K5: =VLOOKUP($A5, 'Test file'!$A:$X, 21, FALSE) -> State 2 | L5: =VLOOKUP($A5, 'Test file'!$A:$X, 22, FALSE) -> 11111 | N5: =VLOOKUP($A5, 'Test file'!$A:$Q, 8, FALSE) -> (111) 852-4480 | O5: =VLOOKUP($A5, 'Test file'!$A:$X, 9, FALSE) -> Client | P5: =VLOOKUP($A5, 'Test file'!$A:$X, 10, FALSE) -> Someone@box.com | U5: =TRIM(VLOOKUP($A5, 'Test file'!$A:$Q, 15, FALSE)) -> Khanh Dao | V5: =VLOOKUP($A5, 'Test file'!$A:$X, 16,FALSE) -> 4066854
A6: 8004314 | B6: =VLOOKUP($A6, 'Test file'!$A:$Q, 2, FALSE) -> Anmar | D6: =VLOOKUP($A6, 'Test file'!$A:$Q, 4, FALSE) -> Saad | E6: =VLOOKUP($A6, 'Test file'!$A:$Q, 17, FALSE) -> Saad, Anmar | G6: =VLOOKUP($A6, 'Test file'!$A:$Q, 6, FALSE) -> 1234 Highland Square Lane, , Denver, State 3, 11111 | H6: =VLOOKUP($A6, 'Test file'!$A:$X, 18, FALSE) -> 1234 Highland Square Lane | I6: =VLOOKUP($A6, 'Test file'!$A:$X, 19, FALSE) | J6: =Final!I25 -> 0 | K6: =VLOOKUP($A6, 'Test file'!$A:$X, 21, FALSE) -> State 3 | L6: =VLOOKUP($A6, 'Test file'!$A:$X, 22, FALSE) -> 11111 | O6: =VLOOKUP($A6, 'Test file'!$A:$X, 9, FALSE) -> Client | P6: =VLOOKUP($A6, 'Test file'!$A:$X, 10, FALSE) -> mahmood@email.com | R6: =VLOOKUP($A6, 'Test file'!$A:$Q, 12, FALSE) -> 31648 | T6: =VLOOKUP($A6, 'Test file'!$A:$X, 14,FALSE) -> F7390729 | U6: =TRIM(VLOOKUP($A6, 'Test file'!$A:$Q, 15, FALSE)) -> Anmar Saad | V6: =VLOOKUP($A6, 'Test file'!$A:$X, 16,FALSE) -> 4134776
A7: 8393082 | B7: =VLOOKUP($A7, 'Test file'!$A:$Q, 2, FALSE) -> Victor | C7: =VLOOKUP($A7, 'Test file'!$A:$Q, 3, FALSE) -> Henry | D7: =VLOOKUP($A7, 'Test file'!$A:$Q, 4, FALSE) -> Colonnese | E7: =VLOOKUP($A7, 'Test file'!$A:$Q, 17, FALSE) -> Colonnese, Victor Henry | G7: =VLOOKUP($A7, 'Test file'!$A:$Q, 6, FALSE) -> PO Box 200059, ,Hollywood, State 4, 11111 | H7: =VLOOKUP($A7, 'Test file'!$A:$X, 18, FALSE) -> PO Box 200059 | I7: =VLOOKUP($A7, 'Test file'!$A:$X, 19, FALSE) | J7: =VLOOKUP($A7, 'Test file'!$A:$X, 20, FALSE) -> Hollywood | K7: =VLOOKUP($A7, 'Test file'!$A:$X, 21, FALSE) -> State 4 | L7: =VLOOKUP($A7, 'Test file'!$A:$X, 22, FALSE) -> 11111 | N7: =VLOOKUP($A7, 'Test file'!$A:$Q, 8, FALSE) -> (222) 987-1653 | O7: =VLOOKUP($A7, 'Test file'!$A:$X, 9, FALSE) -> Client | P7: =VLOOKUP($A7, 'Test file'!$A:$X, 10, FALSE) -> barry@email.com | U7: =TRIM(VLOOKUP($A7, 'Test file'!$A:$Q, 15, FALSE)) -> Dorothy Fujii | V7: =VLOOKUP($A7, 'Test file'!$A:$X, 16,FALSE) -> 4411263
A8: 8797264 | B8: =VLOOKUP($A8, 'Test file'!$A:$Q, 2, FALSE) -> Amol | D8: =VLOOKUP($A8, 'Test file'!$A:$Q, 4, FALSE) -> Hardikar | E8: =VLOOKUP($A8, 'Test file'!$A:$Q, 17, FALSE) -> Hardikar, Amol | G8: =VLOOKUP($A8, 'Test file'!$A:$Q, 6, FALSE) -> 200 Perry Street, Apt. 1505, Dallas, State 5, 11111 | H8: =VLOOKUP($A8, 'Test file'!$A:$X, 18, FALSE) -> 200 Perry Street | I8: =VLOOKUP($A8, 'Test file'!$A:$X, 19, FALSE) -> Apt. 1505 | J8: =VLOOKUP($A8, 'Test file'!$A:$X, 20, FALSE) -> Dallas | K8: =VLOOKUP($A8, 'Test file'!$A:$X, 21, FALSE) -> State 5 | L8: =VLOOKUP($A8, 'Test file'!$A:$X, 22, FALSE) -> 11111 | N8: =VLOOKUP($A8, 'Test file'!$A:$Q, 8, FALSE) -> (543) 471-2543 | O8: =VLOOKUP($A8, 'Test file'!$A:$X, 9, FALSE) -> Client | P8: =VLOOKUP($A8, 'Test file'!$A:$X, 10, FALSE) -> Time01@email.com | U8: =TRIM(VLOOKUP($A8, 'Test file'!$A:$Q, 15, FALSE)) -> Amol Hardikar | V8: =VLOOKUP($A8, 'Test file'!$A:$X, 16,FALSE) -> 4663111
A9: 8886849 | B9: =VLOOKUP($A9, 'Test file'!$A:$Q, 2, FALSE) -> Tacktook | D9: =VLOOKUP($A9, 'Test file'!$A:$Q, 4, FALSE) -> Tachtook | E9: =VLOOKUP($A9, 'Test file'!$A:$Q, 17, FALSE) -> Tachtook, Tacktook | G9: =VLOOKUP($A9, 'Test file'!$A:$Q, 6, FALSE) -> 20 Barry Court, Apt 203, Boston, State 6, 11111 | H9: =VLOOKUP($A9, 'Test file'!$A:$X, 18, FALSE) -> 20 Barry Court | I9: =VLOOKUP($A9, 'Test file'!$A:$X, 19, FALSE) -> Apt 203 | J9: =VLOOKUP($A9, 'Test file'!$A:$X, 20, FALSE) -> Boston | K9: =VLOOKUP($A9, 'Test file'!$A:$X, 21, FALSE) -> State 6 | L9: =VLOOKUP($A9, 'Test file'!$A:$X, 22, FALSE) -> 11111 | N9: =VLOOKUP($A9, 'Test file'!$A:$Q, 8, FALSE) -> (634) 684-6543 | O9: =VLOOKUP($A9, 'Test file'!$A:$X, 9, FALSE) -> Client | P9: =VLOOKUP($A9, 'Test file'!$A:$X, 10, FALSE) -> dom@domain.com | U9: =TRIM(VLOOKUP($A9, 'Test file'!$A:$Q, 15, FALSE)) -> Tacktook Tachtook v. Alison Aylsworth | V9: =VLOOKUP($A9, 'Test file'!$A:$X, 16,FALSE) -> 4723026
A10: 14280362 | B10: =VLOOKUP($A10, 'Test file'!$A:$Q, 2, FALSE) -> John | D10: =VLOOKUP($A10, 'Test file'!$A:$Q, 4, FALSE) -> Doe | E10: =VLOOKUP($A10, 'Test file'!$A:$Q, 17, FALSE) -> Doe, John | G10: =VLOOKUP($A10, 'Test file'!$A:$Q, 6, FALSE) -> 123 Main St., ,Santa Ana, State 7, 11111 | H10: =VLOOKUP($A10, 'Test file'!$A:$X, 18, FALSE) -> 123 Main St. | I10: =VLOOKUP($A10, 'Test file'!$A:$X, 19, FALSE) | J10: =VLOOKUP($A10, 'Test file'!$A:$X, 20, FALSE) -> Santa Ana | K10: =VLOOKUP($A10, 'Test file'!$A:$X, 21, FALSE) -> State 7 | L10: =VLOOKUP($A10, 'Test file'!$A:$X, 22, FALSE) -> 11111 | O10: =VLOOKUP($A10, 'Test file'!$A:$X, 9, FALSE) -> Client | S10: =VLOOKUP($A10, 'Test file'!$A:$X, 13, FALSE) -> This is a sample contact. | U10: =TRIM(VLOOKUP($A10, 'Test file'!$A:$Q, 15, FALSE)) -> [SAMPLE] John Doe Matter | V10: =VLOOKUP($A10, 'Test file'!$A:$X, 16,FALSE) -> 8536109
A11: 14280377 | B11: =VLOOKUP($A11, 'Test file'!$A:$Q, 2, FALSE) -> Marjorie | C11: =VLOOKUP($A11, 'Test file'!$A:$Q, 3, FALSE) | D11: =VLOOKUP($A11, 'Test file'!$A:$Q, 4, FALSE) -> Nishimata | E11: =VLOOKUP($A11, 'Test file'!$A:$Q, 17, FALSE) -> Nishimata, Marjorie | G11: =VLOOKUP($A11, 'Test file'!$A:$Q, 6, FALSE) -> 223 Greaterwealth Avenue, Unit 70, Davie, State 8, 11111 | H11: =VLOOKUP($A11, 'Test file'!$A:$X, 18, FALSE) -> 223 Greaterwealth Avenue | I11: =VLOOKUP($A11, 'Test file'!$A:$X, 19, FALSE) -> Unit 70 | J11: =VLOOKUP($A11, 'Test file'!$A:$X, 20, FALSE) -> Davie | K11: =VLOOKUP($A11, 'Test file'!$A:$X, 21, FALSE) -> State 8 | L11: =VLOOKUP($A11, 'Test file'!$A:$X, 22, FALSE) -> 11111 | N11: =VLOOKUP($A11, 'Test file'!$A:$Q, 8, FALSE) -> (654) 673-9965 | O11: =VLOOKUP($A11, 'Test file'!$A:$X, 9, FALSE) -> Client | P11: =VLOOKUP($A11, 'Test file'!$A:$X, 10, FALSE) -> email@klhj.com | R11: =VLOOKUP($A11, 'Test file'!$A:$Q, 12, FALSE) -> 27130 | U11: =TRIM(VLOOKUP($A11, 'Test file'!$A:$Q, 15, FALSE)) -> Marjorie Nishimata | V11: =VLOOKUP($A11, 'Test file'!$A:$X, 16,FALSE) -> 8536123
A12: 14931136 | B12: =VLOOKUP($A12, 'Test file'!$A:$Q, 2, FALSE) -> Hamdy | D12: =VLOOKUP($A12, 'Test file'!$A:$Q, 4, FALSE) -> Fayad | E12: =VLOOKUP($A12, 'Test file'!$A:$Q, 17, FALSE) -> Fayad, Hamdy | G12: =VLOOKUP($A12, 'Test file'!$A:$Q, 6, FALSE) -> 2036 Bryan Street, ,Houston, State 9, 11111 | H12: =VLOOKUP($A12, 'Test file'!$A:$X, 18, FALSE) -> 2036 Bryan Street | I12: =VLOOKUP($A12, 'Test file'!$A:$X, 19, FALSE) | J12: =VLOOKUP($A12, 'Test file'!$A:$X, 20, FALSE) -> Houston | K12: =VLOOKUP($A12, 'Test file'!$A:$X, 21, FALSE) -> State 9 | L12: =VLOOKUP($A12, 'Test file'!$A:$X, 22, FALSE) -> 11111 | N12: =VLOOKUP($A12, 'Test file'!$A:$Q, 8, FALSE) -> 7345754375 | O12: =VLOOKUP($A12, 'Test file'!$A:$X, 9, FALSE) -> Client | P12: =VLOOKUP($A12, 'Test file'!$A:$X, 10, FALSE) -> dkhnfds@emial.com | U12: =TRIM(VLOOKUP($A12, 'Test file'!$A:$Q, 15, FALSE)) -> King Market/SFDPH | V12: =VLOOKUP($A12, 'Test file'!$A:$X, 16,FALSE) -> 8907389
A13: 15482333 | B13: =VLOOKUP($A13, 'Test file'!$A:$Q, 2, FALSE) -> Jaime | C13: =VLOOKUP($A13, 'Test file'!$A:$Q, 3, FALSE) -> Lee | D13: =VLOOKUP($A13, 'Test file'!$A:$Q, 4, FALSE) -> Hersey | E13: =VLOOKUP($A13, 'Test file'!$A:$Q, 17, FALSE) -> Hersey, Jaime Lee | G13: =VLOOKUP($A13, 'Test file'!$A:$Q, 6, FALSE) -> 99 W 10th Avenue, Unit 14D, Flint, State 10, 11111 | H13: =VLOOKUP($A13, 'Test file'!$A:$X, 18, FALSE) -> 99 W 10th Avenue | I13: =VLOOKUP($A13, 'Test file'!$A:$X, 19, FALSE) -> Unit 14D | J13: =VLOOKUP($A13, 'Test file'!$A:$X, 20, FALSE) -> Flint | K13: =VLOOKUP($A13, 'Test file'!$A:$X, 21, FALSE) -> State 10 | L13: =VLOOKUP($A13, 'Test file'!$A:$X, 22, FALSE) -> 11111 | N13: =VLOOKUP($A13, 'Test file'!$A:$Q, 8, FALSE) -> 11111111111 | O13: =VLOOKUP($A13, 'Test file'!$A:$X, 9, FALSE) -> Client | P13: =VLOOKUP($A13, 'Test file'!$A:$X, 10, FALSE) -> me@aaa.com | R13: =VLOOKUP($A13, 'Test file'!$A:$Q, 12, FALSE) -> 29271 | U13: =TRIM(VLOOKUP($A13, 'Test file'!$A:$Q, 15, FALSE)) -> IRMO Hersey & Banahan | V13: =VLOOKUP($A13, 'Test file'!$A:$X, 16,FALSE) -> 9246182
A14: 15603341 | B14: =VLOOKUP($A14, 'Test file'!$A:$Q, 2, FALSE) -> Andrew | C14: =VLOOKUP($A14, 'Test file'!$A:$Q, 3, FALSE) -> Rosete | D14: =VLOOKUP($A14, 'Test file'!$A:$Q, 4, FALSE) -> Valencia | E14: =VLOOKUP($A14, 'Test file'!$A:$Q, 17, FALSE) -> Valencia, Andrew Rosete | G14: =VLOOKUP($A14, 'Test file'!$A:$Q, 6, FALSE) -> 100 Hylein, Unit 4, Tampa, State 11, 11111 | H14: =VLOOKUP($A14, 'Test file'!$A:$X, 18, FALSE) -> 100 Hylein | I14: =VLOOKUP($A14, 'Test file'!$A:$X, 19, FALSE) -> Unit 4 | J14: =VLOOKUP($A14, 'Test file'!$A:$X, 20, FALSE) -> Tampa | K14: =VLOOKUP($A14, 'Test file'!$A:$X, 21, FALSE) -> State 11 | L14: =VLOOKUP($A14, 'Test file'!$A:$X, 22, FALSE) -> 11111 | N14: =VLOOKUP($A14, 'Test file'!$A:$Q, 8, FALSE) -> (510) 334-7706 | O14: =VLOOKUP($A14, 'Test file'!$A:$X, 9, FALSE) -> Client | P14: =VLOOKUP($A14, 'Test file'!$A:$X, 10, FALSE) -> fhasdj@domain.com | U14: =TRIM(VLOOKUP($A14, 'Test file'!$A:$Q, 15, FALSE)) -> IRMO Valencia | V14: =VLOOKUP($A14, 'Test file'!$A:$X, 16,FALSE) -> 9336068
A15: 15703531 | B15: =VLOOKUP($A15, 'Test file'!$A:$Q, 2, FALSE) -> Yen-Ming | D15: =VLOOKUP($A15, 'Test file'!$A:$Q, 4, FALSE) -> Hou | E15: =VLOOKUP($A15, 'Test file'!$A:$Q, 17, FALSE) -> Hou, Yen-Ming | G15: =VLOOKUP($A15, 'Test file'!$A:$Q, 6, FALSE) -> 901 Skycreek Drive, #87, Miami, State 12, 11111 | H15: =VLOOKUP($A15, 'Test file'!$A:$X, 18, FALSE) -> 901 Skycreek Drive | I15: =VLOOKUP($A15, 'Test file'!$A:$X, 19, FALSE) -> #87 | J15: =VLOOKUP($A15, 'Test file'!$A:$X, 20, FALSE) -> Miami | K15: =VLOOKUP($A15, 'Test file'!$A:$X, 21, FALSE) -> State 12 | L15: =VLOOKUP($A15, 'Test file'!$A:$X, 22, FALSE) -> 11111 | N15: =VLOOKUP($A15, 'Test file'!$A:$Q, 8, FALSE) -> (650) 862-7558 | O15: =VLOOKUP($A15, 'Test file'!$A:$X, 9, FALSE) -> Client | P15: =VLOOKUP($A15, 'Test file'!$A:$X, 10, FALSE) -> abc2932496@email.com | U15: =TRIM(VLOOKUP($A15, 'Test file'!$A:$Q, 15, FALSE)) -> IRMO Mulroy & Hou | V15: =VLOOKUP($A15, 'Test file'!$A:$X, 16,FALSE) -> 9416495
A16: 16193894 | B16: =VLOOKUP($A16, 'Test file'!$A:$Q, 2, FALSE) -> Matthew | C16: =VLOOKUP($A16, 'Test file'!$A:$Q, 3, FALSE) -> Phil | D16: =VLOOKUP($A16, 'Test file'!$A:$Q, 4, FALSE) -> Bryant | E16: =VLOOKUP($A16, 'Test file'!$A:$Q, 17, FALSE) -> Bryant, Matthew Phil | G16: =VLOOKUP($A16, 'Test file'!$A:$Q, 6, FALSE) -> 4009 Bayle Street, Apt 803, Seattle, State 13, 11111 | H16: =VLOOKUP($A16, 'Test file'!$A:$X, 18, FALSE) -> 4009 Bayle Street | I16: =VLOOKUP($A16, 'Test file'!$A:$X, 19, FALSE) -> Apt 803 | J16: =VLOOKUP($A16, 'Test file'!$A:$X, 20, FALSE) -> Seattle | K16: =VLOOKUP($A16, 'Test file'!$A:$X, 21, FALSE) -> State 13 | L16: =VLOOKUP($A16, 'Test file'!$A:$X, 22, FALSE) -> 11111 | O16: =VLOOKUP($A16, 'Test file'!$A:$X, 9, FALSE) -> Client | P16: =VLOOKUP($A16, 'Test file'!$A:$X, 10, FALSE) -> mandatory@email.com | R16: =VLOOKUP($A16, 'Test file'!$A:$Q, 12, FALSE) -> 35057 | U16: =TRIM(VLOOKUP($A16, 'Test file'!$A:$Q, 15, FALSE)) -> Matthew Bryant | V16: =VLOOKUP($A16, 'Test file'!$A:$X, 16,FALSE) -> 9755543
A17: 16438810 | B17: =VLOOKUP($A17, 'Test file'!$A:$Q, 2, FALSE) -> Brittany | C17: =VLOOKUP($A17, 'Test file'!$A:$Q, 3, FALSE) -> Christine | D17: =VLOOKUP($A17, 'Test file'!$A:$Q, 4, FALSE) -> Scanlan | E17: =VLOOKUP($A17, 'Test file'!$A:$Q, 17, FALSE) -> Scanlan, Brittany Christine | G17: =VLOOKUP($A17, 'Test file'!$A:$Q, 6, FALSE) -> 101 Boardway Ave., Apt.#21, Fort Lauderdale, State 14, 11111 | H17: =VLOOKUP($A17, 'Test file'!$A:$X, 18, FALSE) -> 101 Boardway Ave. | I17: =VLOOKUP($A17, 'Test file'!$A:$X, 19, FALSE) -> Apt.#21 | J17: =VLOOKUP($A17, 'Test file'!$A:$X, 20, FALSE) -> Fort Lauderdale | K17: =VLOOKUP($A17, 'Test file'!$A:$X, 21, FALSE) -> State 14 | L17: =VLOOKUP($A17, 'Test file'!$A:$X, 22, FALSE) -> 11111 | N17: =VLOOKUP($A17, 'Test file'!$A:$Q, 8, FALSE) -> (650) 580-4455 or (564) 189-2467 | O17: =VLOOKUP($A17, 'Test file'!$A:$X, 9, FALSE) -> Client | P17: =VLOOKUP($A17, 'Test file'!$A:$X, 10, FALSE) -> bri@aaaaa.com | U17: =TRIM(VLOOKUP($A17, 'Test file'!$A:$Q, 15, FALSE)) -> IRMO Scanlan | V17: =VLOOKUP($A17, 'Test file'!$A:$X, 16,FALSE) -> 9928699
A18: 16480369 | B18: =VLOOKUP($A18, 'Test file'!$A:$Q, 2, FALSE) -> Lauren | D18: =VLOOKUP($A18, 'Test file'!$A:$Q, 4, FALSE) -> Gotelli | E18: =VLOOKUP($A18, 'Test file'!$A:$Q, 17, FALSE) -> Gotelli, Lauren | G18: =VLOOKUP($A18, 'Test file'!$A:$Q, 6, FALSE) -> 6078 Burneigh Ave., #3, Orlando, State 15, 11111 | H18: =VLOOKUP($A18, 'Test file'!$A:$X, 18, FALSE) -> 6078 Burneigh Ave. | I18: =VLOOKUP($A18, 'Test file'!$A:$X, 19, FALSE) -> #3 | J18: =VLOOKUP($A18, 'Test file'!$A:$X, 20, FALSE) -> Orlando | K18: =VLOOKUP($A18, 'Test file'!$A:$X, 21, FALSE) -> State 15 | L18: =VLOOKUP($A18, 'Test file'!$A:$X, 22, FALSE) -> 11111 | N18: =VLOOKUP($A18, 'Test file'!$A:$Q, 8, FALSE) -> (415) 418-8395 | O18: =VLOOKUP($A18, 'Test file'!$A:$X, 9, FALSE) -> Client | R18: =VLOOKUP($A18, 'Test file'!$A:$Q, 12, FALSE) -> 24016 | U18: =TRIM(VLOOKUP($A18, 'Test file'!$A:$Q, 15, FALSE)) -> Lauren Gotelli | V18: =VLOOKUP($A18, 'Test file'!$A:$X, 16,FALSE) -> 9953780
A19: 17820681 | B19: =VLOOKUP($A19, 'Test file'!$A:$Q, 2, FALSE) -> Margarita | C19: =VLOOKUP($A19, 'Test file'!$A:$Q, 3, FALSE) | D19: =VLOOKUP($A19, 'Test file'!$A:$Q, 4, FALSE) -> Gutierrez | E19: =VLOOKUP($A19, 'Test file'!$A:$Q, 17, FALSE) -> Gutierrez, Margarita | G19: =VLOOKUP($A19, 'Test file'!$A:$Q, 6, FALSE) -> 9087 Christmas Drive, # 101, Las Vegas, State 16, 11111 | H19: =VLOOKUP($A19, 'Test file'!$A:$X, 18, FALSE) -> 9087 Christmas Drive | I19: =VLOOKUP($A19, 'Test file'!$A:$X, 19, FALSE) -> # 101 | J19: =VLOOKUP($A19, 'Test file'!$A:$X, 20, FALSE) -> Las Vegas | K19: =VLOOKUP($A19, 'Test file'!$A:$X, 21, FALSE) -> State 16 | L19: =VLOOKUP($A19, 'Test file'!$A:$X, 22, FALSE) -> 11111 | O19: =VLOOKUP($A19, 'Test file'!$A:$X, 9, FALSE) -> Client | P19: =VLOOKUP($A19, 'Test file'!$A:$X, 10, FALSE) -> gah@domain.com | U19: =TRIM(VLOOKUP($A19, 'Test file'!$A:$Q, 15, FALSE)) -> Margarita Gutierrez | V19: =VLOOKUP($A19, 'Test file'!$A:$X, 16,FALSE) -> 10759701

Sheet expected output
A1: Client ID | B1: First Name | C1: MiddleName | D1: Last Name | E1: Full Name | F1: Company | G1: Address | H1: Street1 | I1: Street2 | J1: City | K1: State | L1: Zipcode | M1: Home Fax | N1: Mobile Phone | O1: Contact Group | P1: E-mail Address | Q1: Web Page | R1: Birthday | S1: Private Notes | T1: License Number | U1: Cases | V1: Case Link IDs
A2: 7398191 | B2: William | C2: Tim | D2: Barretta | E2: Barretta, William Tim | O2: Client | U2: William Barretta | V2: 3783285
A3: 7439820 | B3: Khaled | C3: Kayne | D3: Kamel | E3: Kamel, Khaled Kayne | G3: 2926 N Raine Blvd. 6, Tucson, State 1 11111 | H3: 2926 N Raine | I3: Blvd. 6 | J3: Tucson | K3: State 1 | L3: 11111 | N3: (555) 555-5555 | O3: Client | P3: user1@email.com | U3: Khaled Kamel | V3: 3810123
A4: 7451828 | B4: Dumisani | D4: Tembo | E4: Tembo, Dumisani | O4: Client | P4: email@domain.com | U4: People v. Tembo, Dumisani | V4: 3820215
A5: 7871642 | B5: Khanh | C5: Dee | D5: Dao | E5: Dao, Khanh Dee | G5: 435 N. Congress Ave., #180, St Petersburg, State 2 11111 | H5: 435 N. Congress Ave. | I5: #180 | J5: St Petersburg | K5: State 2 | L5: 11111 | N5: (111) 852-4480 | O5: Client | P5: Someone@box.com | U5: Khanh Dao | V5: 4066854
A6: 8004314 | B6: Anmar | D6: Saad | E6: Saad, Anmar | G6: 1234 Highland Square Lane, Denver, State 3 11111 | H6: 1234 Highland Square Lane | J6: Denver | K6: State 3 | L6: 11111 | O6: Client | P6: mahmood@email.com | R6: 31648 | T6: F7390729 | U6: Anmar Saad | V6: 4134776
A7: 8393082 | B7: Victor | C7: Henry | D7: Colonnese | E7: Colonnese, Victor Henry | G7: PO Box 200059, Hollywood, State 4 11111 | H7: PO Box 200059 | J7: Hollywood | K7: State 4 | L7: 11111 | N7: (222) 987-1653 | O7: Client | P7: barry@email.com | U7: Dorothy Fujii | V7: 4411263
A8: 8797264 | B8: Amol | D8: Hardikar | E8: Hardikar, Amol | G8: 200 Perry Street, Apt. 1505, Dallas, State 5 11111 | H8: 200 Perry Street | I8: Apt. 1505 | J8: Dallas | K8: State 5 | L8: 11111 | N8: (543) 471-2543 | O8: Client | P8: Time01@email.com | U8: Amol Hardikar | V8: 4663111
A9: 8886849 | B9: Tacktook | D9: Tachtook | E9: Tachtook, Tacktook | G9: 20 Barry Court Apt 203, Boston, State 6 11111 | H9: 20 Barry Court | I9: Apt 203 | J9: Boston | K9: State 6 | L9: 11111 | N9: (634) 684-6543 | O9: Client | P9: dom@domain.com | U9: Tacktook Tachtook v. Alison Aylsworth | V9: 4723026
A10: 14280362 | B10: John | D10: Doe | E10: Doe, John | G10: 123 Main St., Santa Ana, State 7 11111 | H10: 123 Main St. | J10: Santa Ana | K10: State 7 | L10: 11111 | O10: Client | S10: This is a sample contact. | U10: [SAMPLE] John Doe Matter | V10: 8536109
A11: 14280377 | B11: Marjorie | D11: Nishimata | E11: Nishimata, Marjorie | G11: 223 Greaterwealth Avenue Unit 70, Davie, State 8 11111 | H11: 223 Greaterwealth Avenue | I11: Unit 70 | J11: Davie | K11: State 8 | L11: 11111 | N11: (654) 673-9965 | O11: Client | P11: email@klhj.com | R11: 27130 | U11: Marjorie Nishimata | V11: 8536123
A12: 14931136 | B12: Hamdy | D12: Fayad | E12: Fayad, Hamdy | G12: 2036 Bryan Street, Houston, State 9 11111 | H12: 2036 Bryan Street | J12: Houston | K12: State 9 | L12: 11111 | N12: 7345754375 | O12: Client | P12: dkhnfds@emial.com | U12: King Market/SFDPH | V12: 8907389
A13: 15482333 | B13: Jaime | C13: Lee | D13: Hersey | E13: Hersey, Jaime Lee | G13: 99 W 10th Avenue Unit 14D, Flint, State 10 11111 | H13: 99 W 10th Avenue | I13: Unit 14D | J13: Flint | K13: State 10 | L13: 11111 | N13: 11111111111 | O13: Client | P13: me@aaa.com | R13: 29271 | U13: IRMO Hersey & Banahan | V13: 9246182
A14: 15603341 | B14: Andrew | C14: Rosete | D14: Valencia | E14: Valencia, Andrew Rosete | G14: 100 Hylein, Unit 4, Tampa, State 11 11111 | H14: 100 Hylein | I14: Unit 4 | J14: Tampa | K14: State 11 | L14: 11111 | N14: (510) 334-7706 | O14: Client | P14: fhasdj@domain.com | U14: IRMO Valencia | V14: 9336068
A15: 15703531 | B15: Yen-Ming | D15: Hou | E15: Hou, Yen-Ming | G15: 901 Skycreek Drive #87, Miami, State 12 11111 | H15: 901 Skycreek Drive | I15: #87 | J15: Miami | K15: State 12 | L15: 11111 | N15: (650) 862-7558 | O15: Client | P15: abc2932496@email.com | U15: IRMO Mulroy & Hou | V15: 9416495
A16: 16193894 | B16: Matthew | C16: Phil | D16: Bryant | E16: Bryant, Matthew Phil | G16: 4009 Bayle Street, Apt 803, Seattle, State 13 11111 | H16: 4009 Bayle Street | I16: Apt 803 | J16: Seattle | K16: State 13 | L16: 11111 | O16: Client | P16: mandatory@email.com | R16: 35057 | U16: Matthew Bryant | V16: 9755543
A17: 16438810 | B17: Brittany | C17: Christine | D17: Scanlan | E17: Scanlan, Brittany Christine | G17: 101 Boardway Ave., Apt.#21, Fort Lauderdale, State 14 11111 | H17: 101 Boardway Ave. | I17: Apt.#21 | J17: Fort Lauderdale | K17: State 14 | L17: 11111 | N17: (650) 580-4455 or (564) 189-2467 | O17: Client | P17: bri@aaaaa.com | U17: IRMO Scanlan | V17: 9928699
A18: 16480369 | B18: Lauren | D18: Gotelli | E18: Gotelli, Lauren | G18: 6078 Burneigh Ave., #3, Orlando, State 15 11111 | H18: 6078 Burneigh Ave. | I18: #3 | J18: Orlando | K18: State 15 | L18: 11111 | N18: (415) 418-8395 | O18: Client | R18: 24016 | U18: Lauren Gotelli | V18: 9953780
A19: 17820681 | B19: Margarita | D19: Gutierrez | E19: Gutierrez, Margarita | G19: 9087 Christmas Drive # 101, Las Vegas, State 16 11111 | H19: 9087 Christmas Drive | I19: # 101 | J19: Las Vegas | K19: State 16 | L19: 11111 | O19: Client | P19: gah@domain.com | U19: Margarita Gutierrez | V19: 10759701
A21: Helper
